-- phpMyAdmin SQL Dump
-- version 4.1.14
-- http://www.phpmyadmin.net
--
-- Client :  127.0.0.1
-- Généré le :  Jeu 25 Janvier 2018 à 08:11
-- Version du serveur :  5.6.17
-- Version de PHP :  5.5.12

SET SQL_MODE = "NO_AUTO_VALUE_ON_ZERO";
SET time_zone = "+00:00";


/*!40101 SET @OLD_CHARACTER_SET_CLIENT=@@CHARACTER_SET_CLIENT */;
/*!40101 SET @OLD_CHARACTER_SET_RESULTS=@@CHARACTER_SET_RESULTS */;
/*!40101 SET @OLD_COLLATION_CONNECTION=@@COLLATION_CONNECTION */;
/*!40101 SET NAMES utf8 */;

--
-- Base de données :  `gestiondesprojets`
--

-- --------------------------------------------------------

--
-- Structure de la table `departement`
--

CREATE TABLE IF NOT EXISTS `departement` (
  `id` int(11) NOT NULL AUTO_INCREMENT,
  `nom` varchar(255) COLLATE utf8_unicode_ci NOT NULL,
  PRIMARY KEY (`id`)
) ENGINE=InnoDB  DEFAULT CHARSET=utf8 COLLATE=utf8_unicode_ci AUTO_INCREMENT=40 ;

--
-- Contenu de la table `departement`
--

INSERT INTO `departement` (`id`, `nom`) VALUES
(37, 'informatique'),
(38, 'ressource humaine'),
(39, 'mathematique');

-- --------------------------------------------------------

--
-- Structure de la table `employe`
--

CREATE TABLE IF NOT EXISTS `employe` (
  `id` int(11) NOT NULL AUTO_INCREMENT,
  `departement_id` int(11) DEFAULT NULL,
  `nom` varchar(255) COLLATE utf8_unicode_ci NOT NULL,
  `prenom` varchar(255) COLLATE utf8_unicode_ci NOT NULL,
  `date` date NOT NULL,
  `sexe` varchar(255) COLLATE utf8_unicode_ci NOT NULL,
  `pays` varchar(255) COLLATE utf8_unicode_ci NOT NULL,
  PRIMARY KEY (`id`),
  KEY `IDX_F804D3B9CCF9E01E` (`departement_id`)
) ENGINE=InnoDB  DEFAULT CHARSET=utf8 COLLATE=utf8_unicode_ci AUTO_INCREMENT=18 ;

--
-- Contenu de la table `employe`
--

INSERT INTO `employe` (`id`, `departement_id`, `nom`, `prenom`, `date`, `sexe`, `pays`) VALUES
(14, 37, 'med', 'prenom_1', '1970-05-03', 'Feminin', 'AF'),
(15, 38, 'employe_2', 'prenom_2', '1993-05-03', 'F', 'nabeul'),
(16, 39, 'employe_3', 'prenom_3', '1980-05-03', 'F', 'gafsa'),
(17, 37, 'mohamed', 'mohamed', '1950-01-01', 'Masculin', 'AF');

-- --------------------------------------------------------

--
-- Structure de la table `fos_user`
--

CREATE TABLE IF NOT EXISTS `fos_user` (
  `id` int(11) NOT NULL AUTO_INCREMENT,
  `username` varchar(180) COLLATE utf8_unicode_ci NOT NULL,
  `username_canonical` varchar(180) COLLATE utf8_unicode_ci NOT NULL,
  `email` varchar(180) COLLATE utf8_unicode_ci NOT NULL,
  `email_canonical` varchar(180) COLLATE utf8_unicode_ci NOT NULL,
  `enabled` tinyint(1) NOT NULL,
  `salt` varchar(255) COLLATE utf8_unicode_ci NOT NULL,
  `password` varchar(255) COLLATE utf8_unicode_ci NOT NULL,
  `last_login` datetime DEFAULT NULL,
  `locked` tinyint(1) NOT NULL,
  `expired` tinyint(1) NOT NULL,
  `expires_at` datetime DEFAULT NULL,
  `confirmation_token` varchar(180) COLLATE utf8_unicode_ci DEFAULT NULL,
  `password_requested_at` datetime DEFAULT NULL,
  `roles` longtext COLLATE utf8_unicode_ci NOT NULL COMMENT '(DC2Type:array)',
  `credentials_expired` tinyint(1) NOT NULL,
  `credentials_expire_at` datetime DEFAULT NULL,
  `name` varchar(255) COLLATE utf8_unicode_ci NOT NULL,
  PRIMARY KEY (`id`),
  UNIQUE KEY `UNIQ_957A647992FC23A8` (`username_canonical`),
  UNIQUE KEY `UNIQ_957A6479A0D96FBF` (`email_canonical`),
  UNIQUE KEY `UNIQ_957A6479C05FB297` (`confirmation_token`)
) ENGINE=InnoDB  DEFAULT CHARSET=utf8 COLLATE=utf8_unicode_ci AUTO_INCREMENT=4 ;

--
-- Contenu de la table `fos_user`
--

INSERT INTO `fos_user` (`id`, `username`, `username_canonical`, `email`, `email_canonical`, `enabled`, `salt`, `password`, `last_login`, `locked`, `expired`, `expires_at`, `confirmation_token`, `password_requested_at`, `roles`, `credentials_expired`, `credentials_expire_at`, `name`) VALUES
(1, 'admin', 'admin', 'admin@admin', 'admin@admin', 1, 'co2jzsbwm7ks8cgoog4g84cso4wkosg', '$2y$13$qjM8ycslOBM5tqJEnrMR4Oe.QkffoTWBiu9ds1Z7Q6bosNiLya4Tq', NULL, 0, 0, NULL, NULL, NULL, 'a:1:{i:0;s:10:"ROLE_ADMIN";}', 0, NULL, ''),
(3, 'mohamed', 'mohamed', 'mohamed@gmail.com', 'mohamed@gmail.com', 1, 'k9ffetmn6ps4kgsoo40ckkwk84ssskc', '$2y$13$0yehgqGSm2ujtiA39DJw6e6crUFU4RFN5E.ScaiqLVMngEVG/r.ym', '2017-05-29 18:03:25', 0, 0, NULL, NULL, NULL, 'a:1:{i:0;s:10:"ROLE_ADMIN";}', 0, NULL, '');

-- --------------------------------------------------------

--
-- Structure de la table `projet`
--

CREATE TABLE IF NOT EXISTS `projet` (
  `id` int(11) NOT NULL AUTO_INCREMENT,
  `nom` varchar(255) COLLATE utf8_unicode_ci NOT NULL,
  `date_debut` date NOT NULL,
  `cout` double NOT NULL,
  PRIMARY KEY (`id`)
) ENGINE=InnoDB  DEFAULT CHARSET=utf8 COLLATE=utf8_unicode_ci AUTO_INCREMENT=8 ;

--
-- Contenu de la table `projet`
--

INSERT INTO `projet` (`id`, `nom`, `date_debut`, `cout`) VALUES
(3, 'projet_1', '2011-05-03', 500),
(4, 'projet_2', '1990-05-03', 300),
(5, 'projet_3', '2011-05-03', 100),
(6, 'med', '2011-01-01', 444),
(7, 'eeee', '1950-01-01', 0);

-- --------------------------------------------------------

--
-- Structure de la table `projet_employe`
--

CREATE TABLE IF NOT EXISTS `projet_employe` (
  `projet_id` int(11) NOT NULL,
  `employe_id` int(11) NOT NULL,
  PRIMARY KEY (`projet_id`,`employe_id`),
  KEY `IDX_7A2E8EC8C18272` (`projet_id`),
  KEY `IDX_7A2E8EC81B65292` (`employe_id`)
) ENGINE=InnoDB DEFAULT CHARSET=utf8 COLLATE=utf8_unicode_ci;

--
-- Contenu de la table `projet_employe`
--

INSERT INTO `projet_employe` (`projet_id`, `employe_id`) VALUES
(3, 14),
(3, 15),
(3, 16),
(4, 15),
(4, 16),
(5, 14),
(6, 14),
(6, 15),
(6, 16),
(7, 15),
(7, 17);

--
-- Contraintes pour les tables exportées
--

--
-- Contraintes pour la table `employe`
--
ALTER TABLE `employe`
  ADD CONSTRAINT `FK_F804D3B9CCF9E01E` FOREIGN KEY (`departement_id`) REFERENCES `departement` (`id`);

--
-- Contraintes pour la table `projet_employe`
--
ALTER TABLE `projet_employe`
  ADD CONSTRAINT `FK_7A2E8EC81B65292` FOREIGN KEY (`employe_id`) REFERENCES `employe` (`id`) ON DELETE CASCADE,
  ADD CONSTRAINT `FK_7A2E8EC8C18272` FOREIGN KEY (`projet_id`) REFERENCES `projet` (`id`) ON DELETE CASCADE;

/*!40101 SET CHARACTER_SET_CLIENT=@OLD_CHARACTER_SET_CLIENT */;
/*!40101 SET CHARACTER_SET_RESULTS=@OLD_CHARACTER_SET_RESULTS */;
/*!40101 SET COLLATION_CONNECTION=@OLD_COLLATION_CONNECTION */;
